{"cameraMode":{"drawMode":0,"name":"Shaded","section":"Shading Mode"},"sceneLighting":true,"audioPlay":false,"sceneViewState":{"showFog":true,"showMaterialUpdate":false,"showSkybox":true,"showFlares":true,"showImageEffects":true,"showParticleSystems":true},"in2DMode":false,"pivot":{"x":20.919456481933595,"y":6.376186847686768,"z":3.5056204795837404},"rotation":{"x":-0.01649179682135582,"y":-0.029991203919053079,"z":-0.0004950314178131521,"w":0.9994140267372131},"size":14.43212890625,"orthographic":false}